{"cameraMode":{"drawMode":0,"name":"Shaded","section":"Shading Mode"},"sceneLighting":true,"audioPlay":false,"sceneViewState":{"showFog":true,"showMaterialUpdate":false,"showSkybox":false,"showFlares":true,"showImageEffects":true,"showParticleSystems":true},"in2DMode":false,"pivot":{"x":3.6912386417388918,"y":1.5141515731811524,"z":2.227214813232422},"rotation":{"x":-0.23337750136852265,"y":0.16196508705615998,"z":-0.03880935534834862,"w":-0.9581730961799622},"size":12.787619590759278,"orthographic":false}