{"cameraMode":{"drawMode":0,"name":"Shaded","section":"Shading Mode"},"sceneLighting":true,"audioPlay":false,"sceneViewState":{"showFog":true,"showMaterialUpdate":false,"showSkybox":false,"showFlares":true,"showImageEffects":true,"showParticleSystems":true},"in2DMode":false,"pivot":{"x":-0.4601001739501953,"y":1.2426679134368897,"z":0.014255523681640625},"rotation":{"x":-0.11855190247297287,"y":-0.6032831072807312,"z":0.0915120393037796,"w":-0.7835018634796143},"size":46.69121170043945,"orthographic":false}