{"cameraMode":{"drawMode":0,"name":"Shaded","section":"Shading Mode"},"sceneLighting":true,"audioPlay":false,"sceneViewState":{"showFog":true,"showMaterialUpdate":false,"showSkybox":true,"showFlares":true,"showImageEffects":true,"showParticleSystems":true},"in2DMode":false,"pivot":{"x":5.887662887573242,"y":1.4569787979125977,"z":5.0142011642456059},"rotation":{"x":-0.10741399973630905,"y":-0.8546696901321411,"z":0.19589382410049439,"w":-0.4686616361141205},"size":22.0,"orthographic":false}