{"cameraMode":{"drawMode":0,"name":"Shaded","section":"Shading Mode"},"sceneLighting":false,"audioPlay":false,"sceneViewState":{"showFog":true,"showMaterialUpdate":false,"showSkybox":false,"showFlares":true,"showImageEffects":true,"showParticleSystems":true},"in2DMode":false,"pivot":{"x":2.190000057220459,"y":-1.2432472705841065,"z":-1.409999966621399},"rotation":{"x":-0.13374294340610505,"y":-0.7686677575111389,"z":0.17163310945034028,"w":-0.6017579436302185},"size":4.54297399520874,"orthographic":false}